image_path                                           ,class_name       ,benefit
images/1Hibiscus rosa-sinensis(HRS)/class1_1.jpg     ,Gumamela         ,Gumamela leaves offer various health benefits including anti-inflammatory properties that help with conditions like arthritis. They are rich in antioxidants support skin health by treating rashes and minor wounds and can relieve respiratory issues like coughs and asthma. The leaves also promote hair growth and treat dandruff while aiding digestion due to their mild laxative effect These benefits are typically extracted through teas or leaf extracts though it's advisable to consult a healthcare professional before use.
images/1Hibiscus rosa-sinensis(HRS)/class1_3.jpg     ,Gumamela         ,
images/1Hibiscus rosa-sinensis(HRS)/class1_3.jpg     ,Gumamela         ,
images/1Hibiscus rosa-sinensis(HRS)/class1_4.jpg     ,Gumamela         ,
images/1Hibiscus rosa-sinensis(HRS)/class1_5.jpg     ,Gumamela         ,
images/1Hibiscus rosa-sinensis(HRS)/class1_6.jpg     ,Gumamela         ,
images/1Hibiscus rosa-sinensis(HRS)/class1_7.jpg     ,Gumamela         ,
images/1Hibiscus rosa-sinensis(HRS)/class1_8.jpg     ,Gumamela         ,
images/1Hibiscus rosa-sinensis(HRS)/class1_9.jpg     ,Gumamela         ,
images/1Hibiscus rosa-sinensis(HRS)/class1_10.jpg    ,Gumamela         ,
images/1Hibiscus rosa-sinensis(HRS)/class1_11.jpg    ,Gumamela         ,
images/1Hibiscus rosa-sinensis(HRS)/class1_12.jpg    ,Gumamela         ,
images/1Hibiscus rosa-sinensis(HRS)/class1_13.jpg    ,Gumamela         ,
images/1Hibiscus rosa-sinensis(HRS)/class1_14.jpg    ,Gumamela         ,
images/1Hibiscus rosa-sinensis(HRS)/class1_15.jpg    ,Gumamela         ,
images/1Hibiscus rosa-sinensis(HRS)/class1_16.jpg    ,Gumamela         ,
images/1Hibiscus rosa-sinensis(HRS)/class1_17.jpg    ,Gumamela         ,
images/1Hibiscus rosa-sinensis(HRS)/class1_18.jpg    ,Gumamela         ,
images/1Hibiscus rosa-sinensis(HRS)/class1_19.jpg    ,Gumamela         ,
images/1Hibiscus rosa-sinensis(HRS)/class1_20.jpg    ,Gumamela         ,
images/2Psidium guajava(PG)/class2_1.jpg             ,Guava            ,Guava leaves offer many benefits including improved digestion reduced blood sugar levels better heart health antibacterial and anti-inflammatory properties boosted immunity and clear skin.
images/2Psidium guajava(PG)/class2_2.jpg             ,Guava            ,
images/2Psidium guajava(PG)/class2_3.jpg             ,Guava            ,
images/2Psidium guajava(PG)/class2_4.jpg             ,Guava            ,
images/2Psidium guajava(PG)/class2_5.jpg             ,Guava            ,
images/2Psidium guajava(PG)/class2_6.jpg             ,Guava            ,
images/2Psidium guajava(PG)/class2_7.jpg             ,Guava            ,
images/2Psidium guajava(PG)/class2_8.jpg             ,Guava            ,
images/2Psidium guajava(PG)/class2_9.jpg             ,Guava            ,
images/2Psidium guajava(PG)/class2_10.jpg            ,Guava            ,
images/2Psidium guajava(PG)/class2_11.jpg            ,Guava            ,
images/2Psidium guajava(PG)/class2_12.jpg            ,Guava            ,
images/2Psidium guajava(PG)/class2_13.jpg            ,Guava            ,
images/2Psidium guajava(PG)/class2_14.jpg            ,Guava            ,
images/2Psidium guajava(PG)/class2_15.jpg            ,Guava            ,
images/2Psidium guajava(PG)/class2_16.jpg            ,Guava            ,
images/2Psidium guajava(PG)/class2_17.jpg            ,Guava            ,
images/2Psidium guajava(PG)/class2_18.jpg            ,Guava            ,
images/2Psidium guajava(PG)/class2_18.jpg            ,Guava            ,
images/2Psidium guajava(PG)/class2_20.jpg            ,Guava            ,
images/3Antidesma bunius(AB)/class3_1.jpg            ,Bignay           ,Bignay is rich in antioxidants supports heart health aids digestion helps with weight management and has anti-inflammatory properties.
images/3Antidesma bunius(AB)/class3_2.jpg            ,Bignay           ,
images/3Antidesma bunius(AB)/class3_3.jpg            ,Bignay           ,
images/3Antidesma bunius(AB)/class3_4.jpg            ,Bignay           ,
images/3Antidesma bunius(AB)/class3_5.jpg            ,Bignay           ,
images/3Antidesma bunius(AB)/class3_6.jpg            ,Bignay           ,
images/3Antidesma bunius(AB)/class3_7.jpg            ,Bignay           ,
images/3Antidesma bunius(AB)/class3_8.jpg            ,Bignay           ,
images/3Antidesma bunius(AB)/class3_9.jpg            ,Bignay           ,
images/3Antidesma bunius(AB)/class3_10.jpg           ,Bignay           ,
images/3Antidesma bunius(AB)/class3_11.jpg           ,Bignay           ,
images/3Antidesma bunius(AB)/class3_12.jpg           ,Bignay           ,
images/3Antidesma bunius(AB)/class3_13.jpg           ,Bignay           ,
images/3Antidesma bunius(AB)/class3_14.jpg           ,Bignay           ,
images/3Antidesma bunius(AB)/class3_15.jpg           ,Bignay           ,
images/3Antidesma bunius(AB)/class3_16.jpg           ,Bignay           ,
images/3Antidesma bunius(AB)/class3_17.jpg           ,Bignay           ,
images/3Antidesma bunius(AB)/class3_18.jpg           ,Bignay           ,
images/3Antidesma bunius(AB)/class3_19.jpg           ,Bignay           ,
images/3Antidesma bunius(AB)/class3_20.jpg           ,Bignay           ,
images/4Vitex negundo(VN)/class4_1.jpg               ,Lagundi          ,The Verbenaceae family  like Lagundi is known for its anti-inflammatory and antibacterial properties helping with cough fever pain relief and wound healing.
images/4Vitex negundo(VN)/class4_2.jpg               ,Lagundi          ,
images/4Vitex negundo(VN)/class4_3.jpg               ,Lagundi          ,
images/4Vitex negundo(VN)/class4_4.jpg               ,Lagundi          ,
images/4Vitex negundo(VN)/class4_5.jpg               ,Lagundi          ,
images/4Vitex negundo(VN)/class4_6.jpg               ,Lagundi          ,
images/4Vitex negundo(VN)/class4_7.jpg               ,Lagundi          ,
images/4Vitex negundo(VN)/class4_8.jpg               ,Lagundi          ,
images/4Vitex negundo(VN)/class4_9.jpg               ,Lagundi          ,
images/4Vitex negundo(VN)/class4_10.jpg              ,Lagundi          ,
images/4Vitex negundo(VN)/class4_11.jpg              ,Lagundi          ,
images/4Vitex negundo(VN)/class4_12.jpg              ,Lagundi          ,
images/4Vitex negundo(VN)/class4_13.jpg              ,Lagundi          ,
images/4Vitex negundo(VN)/class4_14.jpg              ,Lagundi          ,
images/4Vitex negundo(VN)/class4_15.jpg              ,Lagundi          ,
images/4Vitex negundo(VN)/class4_16.jpg              ,Lagundi          ,
images/4Vitex negundo(VN)/class4_17.jpg              ,Lagundi          ,
images/4Vitex negundo(VN)/class4_18.jpg              ,Lagundi          ,
images/4Vitex negundo(VN)/class4_19.jpg              ,Lagundi          ,
images/4Vitex negundo(VN)/class4_20.jpg              ,Lagundi          ,
images/5Moringa oleifera(MO)/class5_1.jpg            ,Moringa          ,Moringa leaves are packed with nutrients and antioxidants supporting immune health reducing inflammation improving digestion and promoting energy and overall well-being.
images/5Moringa oleifera(MO)/class5_2.jpg            ,Moringa          ,
images/5Moringa oleifera(MO)/class5_3.jpg            ,Moringa          ,
images/5Moringa oleifera(MO)/class5_4.jpg            ,Moringa          ,
images/5Moringa oleifera(MO)/class5_5.jpg            ,Moringa          ,
images/5Moringa oleifera(MO)/class5_6.jpg            ,Moringa          ,
images/5Moringa oleifera(MO)/class5_7.jpg            ,Moringa          ,
images/5Moringa oleifera(MO)/class5_8.jpg            ,Moringa          ,
images/5Moringa oleifera(MO)/class5_9.jpg            ,Moringa          ,
images/5Moringa oleifera(MO)/class5_10.jpg           ,Moringa          ,
images/5Moringa oleifera(MO)/class5_12.jpg           ,Moringa          ,
images/5Moringa oleifera(MO)/class5_13.jpg           ,Moringa          ,
images/5Moringa oleifera(MO)/class5_14.jpg           ,Moringa          ,
images/5Moringa oleifera(MO)/class5_15.jpg           ,Moringa          ,
images/5Moringa oleifera(MO)/class5_16.jpg           ,Moringa          ,
images/5Moringa oleifera(MO)/class5_17.jpg           ,Moringa          ,
images/5Moringa oleifera(MO)/class5_18.jpg           ,Moringa          ,
images/5Moringa oleifera(MO)/class5_18.jpg           ,Moringa          ,
images/5Moringa oleifera(MO)/class5_20.jpg           ,Moringa          ,
images/7Origanum vulgare(OV)/class7_1.jpg            ,Oregano          ,Oregano is rich in antioxidants and has antibacterial anti-inflammatory and antiviral properties making it effective in fighting infections relieving coughs and improving respiratory health. It is also used to aid digestion reduce inflammation and boost the immune system. Oregano oil in particular is often used topically for skin conditions and as a natural remedy for various ailments.
images/7Origanum vulgare(OV)/class7_2.jpg            ,Oregano          ,
images/7Origanum vulgare(OV)/class7_3.jpg            ,Oregano          ,
images/7Origanum vulgare(OV)/class7_4.jpg            ,Oregano          ,
images/7Origanum vulgare(OV)/class7_5.jpg            ,Oregano          ,
images/7Origanum vulgare(OV)/class7_6.jpg            ,Oregano          ,
images/7Origanum vulgare(OV)/class7_7.jpg            ,Oregano          ,
images/7Origanum vulgare(OV)/class7_8.jpg            ,Oregano          ,
images/7Origanum vulgare(OV)/class7_9.jpg            ,Oregano          ,
images/7Origanum vulgare(OV)/class7_10.jpg           ,Oregano          ,
images/7Origanum vulgare(OV)/class7_12.jpg           ,Oregano          ,
images/7Origanum vulgare(OV)/class7_13.jpg           ,Oregano          ,
images/7Origanum vulgare(OV)/class7_14.jpg           ,Oregano          ,
images/7Origanum vulgare(OV)/class7_15.jpg           ,Oregano          ,
images/7Origanum vulgare(OV)/class7_16.jpg           ,Oregano          ,
images/7Origanum vulgare(OV)/class7_17.jpg           ,Oregano          ,
images/7Origanum vulgare(OV)/class7_18.jpg           ,Oregano          ,
images/7Origanum vulgare(OV)/class7_19.jpg           ,Oregano          ,
images/7Origanum vulgare(OV)/class7_20.jpg           ,Oregano          ,
images/8Pepromia pellucida(PP)/class8_1.jpg          ,Salungso         ,is used in traditional medicine for its anti-inflammatory antimicrobial and antioxidant properties. It is believed to help treat infections reduce inflammation and promote wound healing. However more research is needed to confirm its medicinal benefits.
images/8Pepromia pellucida(PP)/class8_2.jpg          ,Salungso         ,
images/8Pepromia pellucida(PP)/class8_3.jpg          ,Salungso         ,
images/8Pepromia pellucida(PP)/class8_4.jpg          ,Salungso         ,
images/8Pepromia pellucida(PP)/class8_5.jpg          ,Salungso         ,
images/8Pepromia pellucida(PP)/class8_6.jpg          ,Salungso         ,
images/8Pepromia pellucida(PP)/class8_7.jpg          ,Salungso         ,
images/8Pepromia pellucida(PP)/class8_8.jpg          ,Salungso         ,
images/8Pepromia pellucida(PP)/class8_9.jpg          ,Salungso         ,
images/8Pepromia pellucida(PP)/class8_10.jpg         ,Salungso         ,
images/8Pepromia pellucida(PP)/class8_11.jpg         ,Salungso         ,
images/8Pepromia pellucida(PP)/class8_12.jpg         ,Salungso         ,
images/8Pepromia pellucida(PP)/class8_13.jpg         ,Salungso         ,
images/8Pepromia pellucida(PP)/class8_14.jpg         ,Salungso         ,
images/8Pepromia pellucida(PP)/class8_15.jpg         ,Salungso         ,
images/8Pepromia pellucida(PP)/class8_16.jpg         ,Salungso         ,
images/8Pepromia pellucida(PP)/class8_17.jpg         ,Salungso         ,
images/8Pepromia pellucida(PP)/class8_18.jpg         ,Salungso         ,
images/8Pepromia pellucida(PP)/class8_19.jpg         ,Salungso         ,
images/8Pepromia pellucida(PP)/class8_20.jpg         ,Salungso         ,
images/9Centella asiatica(PA)/class9_1.jpg           ,Gotu Kola        ,is a herb known for its healing properties. It promotes wound healing improves circulation reduces anxiety and supports brain health. It is also used to improve skin health and treat conditions like eczema.
images/9Centella asiatica(PA)/class9_2.jpg           ,Gotu Kola        ,
images/9Centella asiatica(PA)/class9_3.jpg           ,Gotu Kola        ,
images/9Centella asiatica(PA)/class9_4.jpg           ,Gotu Kola        ,
images/9Centella asiatica(PA)/class9_5.jpg           ,Gotu Kola        ,
images/9Centella asiatica(PA)/class9_6.jpg           ,Gotu Kola        ,
images/9Centella asiatica(PA)/class9_7.jpg           ,Gotu Kola        ,
images/9Centella asiatica(PA)/class9_8.jpg           ,Gotu Kola        ,
images/9Centella asiatica(PA)/class9_9.jpg           ,Gotu Kola        ,
images/9Centella asiatica(PA)/class9_10.jpg          ,Gotu Kola        ,
images/9Centella asiatica(PA)/class9_11.jpg          ,Gotu Kola        ,
images/9Centella asiatica(PA)/class9_12.jpg          ,Gotu Kola        ,
images/9Centella asiatica(PA)/class9_13.jpg          ,Gotu Kola        ,
images/9Centella asiatica(PA)/class9_14.jpg          ,Gotu Kola        ,
images/9Centella asiatica(PA)/class9_15.jpg          ,Gotu Kola        ,
images/9Centella asiatica(PA)/class9_16.jpg          ,Gotu Kola        ,
images/9Centella asiatica(PA)/class9_17.jpg          ,Gotu Kola        ,
images/9Centella asiatica(PA)/class9_18.jpg          ,Gotu Kola        ,
images/9Centella asiatica(PA)/class9_19.jpg          ,Gotu Kola        ,
images/9Centella asiatica(PA)/class9_20.jpg          ,Gotu Kola        ,
images/10Coleus scitellarioides(CS)/class10_1.jpg    ,Pako-pako        ,Known for improving respiratory health reducing high blood pressure and supporting weight loss.
images/10Coleus scitellarioides(CS)/class10_2.jpg    ,Pako-pako        ,
images/10Coleus scitellarioides(CS)/class10_3.jpg    ,Pako-pako        ,
images/10Coleus scitellarioides(CS)/class10_4.jpg    ,Pako-pako        ,
images/10Coleus scitellarioides(CS)/class10_5.jpg    ,Pako-pako        ,
images/10Coleus scitellarioides(CS)/class10_6.jpg    ,Pako-pako        ,
images/10Coleus scitellarioides(CS)/class10_7.jpg    ,Pako-pako        ,
images/10Coleus scitellarioides(CS)/class10_8.jpg    ,Pako-pako        ,
images/10Coleus scitellarioides(CS)/class10_9.jpg    ,Pako-pako        ,
images/10Coleus scitellarioides(CS)/class10_10.jpg   ,Pako-pako        ,
images/10Coleus scitellarioides(CS)/class10_11.jpg   ,Pako-pako        ,
images/10Coleus scitellarioides(CS)/class10_12.jpg   ,Pako-pako        ,
images/10Coleus scitellarioides(CS)/class10_13.jpg   ,Pako-pako        ,
images/10Coleus scitellarioides(CS)/class10_14.jpg   ,Pako-pako        ,
images/10Coleus scitellarioides(CS)/class10_15.jpg   ,Pako-pako        ,
images/10Coleus scitellarioides(CS)/class10_16.jpg   ,Pako-pako        ,
images/10Coleus scitellarioides(CS)/class10_17.jpg   ,Pako-pako        ,
images/10Coleus scitellarioides(CS)/class10_18.jpg   ,Pako-pako        ,
images/10Coleus scitellarioides(CS)/class10_19.jpg   ,Pako-pako        ,
images/10Coleus scitellarioides(CS)/class10_20.jpg   ,Pako-pako        ,
images/11Phyllanthus ninuri(PN)/class11_1.jpg        ,Chanca piedra    ,Helps treat liver and kidney diseases reduces blood sugar and has anti-inflammatory properties.
images/11Phyllanthus ninuri(PN)/class11_2.jpg        ,Chanca piedra    ,
images/11Phyllanthus ninuri(PN)/class11_3.jpg        ,Chanca piedra    ,
images/11Phyllanthus ninuri(PN)/class11_4.jpg        ,Chanca piedra    ,
images/11Phyllanthus ninuri(PN)/class11_5.jpg        ,Chanca piedra    ,
images/11Phyllanthus ninuri(PN)/class11_6.jpg        ,Chanca piedra    ,
images/11Phyllanthus ninuri(PN)/class11_7.jpg        ,Chanca piedra    ,
images/11Phyllanthus ninuri(PN)/class11_8.jpg        ,Chanca piedra    ,
images/11Phyllanthus ninuri(PN)/class11_9.jpg        ,Chanca piedra    ,
images/11Phyllanthus ninuri(PN)/class11_10.jpg       ,Chanca piedra    ,
images/11Phyllanthus ninuri(PN)/class11_11.jpg       ,Chanca piedra    ,
images/11Phyllanthus ninuri(PN)/class11_12.jpg       ,Chanca piedra    ,
images/11Phyllanthus ninuri(PN)/class11_13.jpg       ,Chanca piedra    ,
images/11Phyllanthus ninuri(PN)/class11_14.jpg       ,Chanca piedra    ,
images/11Phyllanthus ninuri(PN)/class11_15.jpg       ,Chanca piedra    ,
images/11Phyllanthus ninuri(PN)/class11_16.jpg       ,Chanca piedra    ,
images/11Phyllanthus ninuri(PN)/class11_17.jpg       ,Chanca piedra    ,
images/11Phyllanthus ninuri(PN)/class11_18.jpg       ,Chanca piedra    ,
images/11Phyllanthus ninuri(PN)/class11_19.jpg       ,Chanca piedra    ,
images/11Phyllanthus ninuri(PN)/class11_20.jpg       ,Chanca piedra    ,
images/12Corchorus olitorius(CO)/class12_1.jpg       ,Saluyot          ,Rich in nutrients it aids in digestion boosts immunity and improves skin health.
images/12Corchorus olitorius(CO)/class12_2.jpg       ,Saluyot          ,
images/12Corchorus olitorius(CO)/class12_3.jpg       ,Saluyot          ,
images/12Corchorus olitorius(CO)/class12_4.jpg       ,Saluyot          ,
images/12Corchorus olitorius(CO)/class12_5.jpg       ,Saluyot          ,
images/12Corchorus olitorius(CO)/class12_6.jpg       ,Saluyot          ,
images/12Corchorus olitorius(CO)/class12_7.jpg       ,Saluyot          ,
images/12Corchorus olitorius(CO)/class12_8.jpg       ,Saluyot          ,
images/12Corchorus olitorius(CO)/class12_9.jpg       ,Saluyot          ,
images/12Corchorus olitorius(CO)/class12_10.jpg      ,Saluyot          ,
images/12Corchorus olitorius(CO)/class12_11.jpg      ,Saluyot          ,
images/12Corchorus olitorius(CO)/class12_12.jpg      ,Saluyot          ,
images/12Corchorus olitorius(CO)/class12_13.jpg      ,Saluyot          ,
images/12Corchorus olitorius(CO)/class12_14.jpg      ,Saluyot          ,
images/12Corchorus olitorius(CO)/class12_15.jpg      ,Saluyot          ,
images/12Corchorus olitorius(CO)/class12_16.jpg      ,Saluyot          ,
images/12Corchorus olitorius(CO)/class12_17.jpg      ,Saluyot          ,
images/12Corchorus olitorius(CO)/class12_18.jpg      ,Saluyot          ,
images/12Corchorus olitorius(CO)/class12_19.jpg      ,Saluyot          ,
images/12Corchorus olitorius(CO)/class12_20.jpg      ,Saluyot          ,
images/13Momordica charantia (MC)/class13_1.jpg      ,Ampalaya         ,Known for controlling blood sugar levels treating diabetes and improving digestion.
images/13Momordica charantia (MC)/class13_2.jpg      ,Ampalaya         ,
images/13Momordica charantia (MC)/class13_3.jpg      ,Ampalaya         ,
images/13Momordica charantia (MC)/class13_4.jpg      ,Ampalaya         ,
images/13Momordica charantia (MC)/class13_5.jpg      ,Ampalaya         ,
images/13Momordica charantia (MC)/class13_6.jpg      ,Ampalaya         ,
images/13Momordica charantia (MC)/class13_7.jpg      ,Ampalaya         ,
images/13Momordica charantia (MC)/class13_8.jpg      ,Ampalaya         ,
images/13Momordica charantia (MC)/class13_9.jpg      ,Ampalaya         ,
images/13Momordica charantia (MC)/class13_10.jpg     ,Ampalaya         ,
images/13Momordica charantia (MC)/class13_11.jpg     ,Ampalaya         ,
images/13Momordica charantia (MC)/class13_12.jpg     ,Ampalaya         ,
images/13Momordica charantia (MC)/class13_13.jpg     ,Ampalaya         ,
images/13Momordica charantia (MC)/class13_14.jpg     ,Ampalaya         ,
images/13Momordica charantia (MC)/class13_15.jpg     ,Ampalaya         ,
images/13Momordica charantia (MC)/class13_16.jpg     ,Ampalaya         ,
images/13Momordica charantia (MC)/class13_17.jpg     ,Ampalaya         ,
images/13Momordica charantia (MC)/class13_18.jpg     ,Ampalaya         ,
images/13Momordica charantia (MC)/class13_19.jpg     ,Ampalaya         ,
images/13Momordica charantia (MC)/class13_20.jpg     ,Ampalaya         ,
images/14Euphorbia hirta(EH)/class14_1.jpg           ,Tawa-tawa        ,Used for respiratory issues coughs and as a natural remedy for asthma and bronchitis.
images/14Euphorbia hirta(EH)/class14_2.jpg           ,Tawa-tawa        ,
images/14Euphorbia hirta(EH)/class14_3.jpg           ,Tawa-tawa        ,
images/14Euphorbia hirta(EH)/class14_4.jpg           ,Tawa-tawa        ,
images/14Euphorbia hirta(EH)/class14_5.jpg           ,Tawa-tawa        ,
images/14Euphorbia hirta(EH)/class14_6.jpg           ,Tawa-tawa        ,
images/14Euphorbia hirta(EH)/class14_7.jpg           ,Tawa-tawa        ,
images/14Euphorbia hirta(EH)/class14_8.jpg           ,Tawa-tawa        ,
images/14Euphorbia hirta(EH)/class14_9.jpg           ,Tawa-tawa        ,
images/14Euphorbia hirta(EH)/class14_10.jpg          ,Tawa-tawa        ,
images/14Euphorbia hirta(EH)/class14_11.jpg          ,Tawa-tawa        ,
images/14Euphorbia hirta(EH)/class14_12.jpg          ,Tawa-tawa        ,
images/14Euphorbia hirta(EH)/class14_13.jpg          ,Tawa-tawa        ,
images/14Euphorbia hirta(EH)/class14_14.jpg          ,Tawa-tawa        ,
images/14Euphorbia hirta(EH)/class14_15.jpg          ,Tawa-tawa        ,
images/14Euphorbia hirta(EH)/class14_16.jpg          ,Tawa-tawa        ,
images/14Euphorbia hirta(EH)/class14_17.jpg          ,Tawa-tawa        ,
images/14Euphorbia hirta(EH)/class14_18.jpg          ,Tawa-tawa        ,
images/14Euphorbia hirta(EH)/class14_19.jpg          ,Tawa-tawa        ,
images/14Euphorbia hirta(EH)/class14_20.jpg          ,Tawa-tawa        ,
images/15Curcuma longa(CL)/class15_1.jpg             ,Luyang dilaw     ,Contains curcumin which has anti-inflammatory antioxidant and anticancer properties.
images/15Curcuma longa(CL)/class15_2.jpg             ,Luyang dilaw     ,
images/15Curcuma longa(CL)/class15_3.jpg             ,Luyang dilaw     ,
images/15Curcuma longa(CL)/class15_4.jpg             ,Luyang dilaw     ,
images/15Curcuma longa(CL)/class15_5.jpg             ,Luyang dilaw     ,
images/15Curcuma longa(CL)/class15_6.jpg             ,Luyang dilaw     ,
images/15Curcuma longa(CL)/class15_7.jpg             ,Luyang dilaw     ,
images/15Curcuma longa(CL)/class15_8.jpg             ,Luyang dilaw     ,
images/15Curcuma longa(CL)/class15_9.jpg             ,Luyang dilaw     ,
images/15Curcuma longa(CL)/class15_10.jpg            ,Luyang dilaw     ,
images/15Curcuma longa(CL)/class15_11.jpg            ,Luyang dilaw     ,
images/15Curcuma longa(CL)/class15_12.jpg            ,Luyang dilaw     ,
images/15Curcuma longa(CL)/class15_13.jpg            ,Luyang dilaw     ,
images/15Curcuma longa(CL)/class15_14.jpg            ,Luyang dilaw     ,
images/15Curcuma longa(CL)/class15_15.jpg            ,Luyang dilaw     ,
images/15Curcuma longa(CL)/class15_16.jpg            ,Luyang dilaw     ,
images/15Curcuma longa(CL)/class15_17.jpg            ,Luyang dilaw     ,
images/15Curcuma longa(CL)/class15_18.jpg            ,Luyang dilaw     ,
images/15Curcuma longa(CL)/class15_19.jpg            ,Luyang dilaw     ,
images/15Curcuma longa(CL)/class15_20.jpg            ,Luyang dilaw     ,
images/16Carmona retusa(CR)/class16_1.jpg            ,Fukien tea plant ,Helps in improving skin health and may have anti-aging effects.
images/16Carmona retusa(CR)/class16_2.jpg            ,Fukien tea plant ,
images/16Carmona retusa(CR)/class16_3.jpg            ,Fukien tea plant ,
images/16Carmona retusa(CR)/class16_4.jpg            ,Fukien tea plant ,
images/16Carmona retusa(CR)/class16_5.jpg            ,Fukien tea plant ,
images/16Carmona retusa(CR)/class16_6.jpg            ,Fukien tea plant ,
images/16Carmona retusa(CR)/class16_7.jpg            ,Fukien tea plant ,
images/16Carmona retusa(CR)/class16_8.jpg            ,Fukien tea plant ,
images/16Carmona retusa(CR)/class16_9.jpg            ,Fukien tea plant ,
images/16Carmona retusa(CR)/class16_10.jpg           ,Fukien tea plant ,
images/16Carmona retusa(CR)/class16_11.jpg           ,Fukien tea plant ,
images/16Carmona retusa(CR)/class16_12.jpg           ,Fukien tea plant ,
images/16Carmona retusa(CR)/class16_13.jpg           ,Fukien tea plant ,
images/16Carmona retusa(CR)/class16_14.jpg           ,Fukien tea plant ,
images/16Carmona retusa(CR)/class16_15.jpg           ,Fukien tea plant ,
vimages/16Carmona retusa(CR)/class16_16.jpg          ,Fukien tea plant ,
images/16Carmona retusa(CR)/class16_17.pg            ,Fukien tea plant ,
images/16Carmona retusa(CR)/class16_18.jpg           ,Fukien tea plant ,
images/16Carmona retusa(CR)/class16_19.jpg           ,Fukien tea plant ,
images/16Carmona retusa(CR)/class16_20.jpg           ,Fukien tea plant ,
images/17Senna alata(SA)/class17_1.jpg               ,Akapulko         ,Used for treating skin conditions like ringworm and eczema and also for constipation relief.
images/17Senna alata(SA)/class17_2.jpg               ,Akapulko         ,
images/17Senna alata(SA)/class17_3.jpg               ,Akapulko         ,
images/17Senna alata(SA)/class17_4.jpg               ,Akapulko         ,
images/17Senna alata(SA)/class17_5.jpg               ,Akapulko         ,
images/17Senna alata(SA)/class17_6.jpg               ,Akapulko         ,
images/17Senna alata(SA)/class17_7.jpg               ,Akapulko         ,
images/17Senna alata(SA)/class17_8.jpg               ,Akapulko         ,
images/17Senna alata(SA)/class17_9.jpg               ,Akapulko         ,
images/17Senna alata(SA)/class17_10.jpg              ,Akapulko         ,
images/17Senna alata(SA)/class17_11.jpg              ,Akapulko         ,
images/17Senna alata(SA)/class17_12.jpg              ,Akapulko         ,
images/17Senna alata(SA)/class17_13.jpg              ,Akapulko         ,
images/17Senna alata(SA)/class17_14.jpg              ,Akapulko         ,
images/17Senna alata(SA)/class17_15.jpg              ,Akapulko         ,
images/17Senna alata(SA)/class17_16.jpg              ,Akapulko         ,
images/17Senna alata(SA)/class17_17.jpg              ,Akapulko         ,
images/17Senna alata(SA)/class17_18.jpg              ,Akapulko         ,
images/17Senna alata(SA)/class17_19.jpg              ,Akapulko         ,
images/17Senna alata(SA)/class17_20.jpg              ,Akapulko         ,
images/18Menta cordifolia Opoz(MCO)/class18_1.jpg    ,Spearmint        ,Known for soothing digestive issues relieving headaches and treating colds.
images/18Menta cordifolia Opoz(MCO)/class18_2.jpg    ,Spearmint        ,
images/18Menta cordifolia Opoz(MCO)/class18_3.jpg    ,Spearmint        ,
images/18Menta cordifolia Opoz(MCO)/class18_4.jpg    ,Spearmint        ,
images/18Menta cordifolia Opoz(MCO)/class18_5.jpg    ,Spearmint        ,
images/18Menta cordifolia Opoz(MCO)/class18_6.jpg    ,Spearmint        ,
images/18Menta cordifolia Opoz(MCO)/class18_7.jpg    ,Spearmint        ,
images/18Menta cordifolia Opoz(MCO)/class18_8.jpg    ,Spearmint        ,
images/18Menta cordifolia Opoz(MCO)/class18_9.jpg    ,Spearmint        ,
images/18Menta cordifolia Opoz(MCO)/class18_10.jpg   ,Spearmint        ,
images/18Menta cordifolia Opoz(MCO)/class18_11.jpg   ,Spearmint        ,
images/18Menta cordifolia Opoz(MCO)/class18_12.jpg   ,Spearmint        ,
images/18Menta cordifolia Opoz(MCO)/class18_13.jpg   ,Spearmint        ,
images/18Menta cordifolia Opoz(MCO)/class18_14.jpg   ,Spearmint        ,
images/18Menta cordifolia Opoz(MCO)/class18_15.jpg   ,Spearmint        ,
images/18Menta cordifolia Opoz(MCO)/class18_16.jpg   ,Spearmint        ,
images/18Menta cordifolia Opoz(MCO)/class18_17.jpg   ,Spearmint        ,
images/18Menta cordifolia Opoz(MCO)/class18_18.jpg   ,Spearmint        ,
images/18Menta cordifolia Opoz(MCO)/class18_19.jpg   ,Spearmint        ,
images/18Menta cordifolia Opoz(MCO)/class18_20.jpg   ,Spearmint        ,
images/19Capsicum frutescens(CF)/class19_1.jpg       ,Siling labuyo    ,Contains capsaicin which helps with pain relief improves circulation and boosts metabolism.
images/19Capsicum frutescens(CF)/class19_2.jpg       ,Siling labuyo    ,
images/19Capsicum frutescens(CF)/class19_3.jpg       ,Siling labuyo    ,
images/19Capsicum frutescens(CF)/class19_4.jpg       ,Siling labuyo    ,
images/19Capsicum frutescens(CF)/class19_5.jpg       ,Siling labuyo    ,
images/19Capsicum frutescens(CF)/class19_6.jpg       ,Siling labuyo    ,
images/19Capsicum frutescens(CF)/class19_7.jpg       ,Siling labuyo    ,
images/19Capsicum frutescens(CF)/class19_8.jpg       ,Siling labuyo    ,
images/19Capsicum frutescens(CF)/class19_9.jpg       ,Siling labuyo    ,
images/19Capsicum frutescens(CF)/class19_10.jpg      ,Siling labuyo    ,
images/19Capsicum frutescens(CF)/class19_11.jpg      ,Siling labuyo    ,
images/19Capsicum frutescens(CF)/class19_12.jpg      ,Siling labuyo    ,
images/19Capsicum frutescens(CF)/class19_13.jpg      ,Siling labuyo    ,
images/19Capsicum frutescens(CF)/class19_14.jpg      ,Siling labuyo    ,
images/19Capsicum frutescens(CF)/class19_15.jpg      ,Siling labuyo    ,
images/19Capsicum frutescens(CF)/class19_16.jpg      ,Siling labuyo    ,
images/19Capsicum frutescens(CF)/class19_17.jpg      ,Siling labuyo    ,
images/19Capsicum frutescens(CF)/class19_18.jpg      ,Siling labuyo    ,
images/19Capsicum frutescens(CF)/class19_19.jpg      ,Siling labuyo    ,
images/19Capsicum frutescens(CF)/class19_20.jpg      ,Siling labuyo    ,
images/20Jatropha curcas(JC)/class20_1.jpg           ,Tuba-tuba        ,Used for its antimicrobial anti-inflammatory and pain-relieving properties.
images/20Jatropha curcas(JC)/class20_2.jpg           ,Tuba-tuba        ,
images/20Jatropha curcas(JC)/class20_3.jpg           ,Tuba-tuba        ,
images/20Jatropha curcas(JC)/class20_4.jpg           ,Tuba-tuba        ,
images/20Jatropha curcas(JC)/class20_5.jpg           ,Tuba-tuba        ,
images/20Jatropha curcas(JC)/class20_6.jpg           ,Tuba-tuba        ,
images/20Jatropha curcas(JC)/class20_7.jpg           ,Tuba-tuba        ,
images/20Jatropha curcas(JC)/class20_8.jpg           ,Tuba-tuba        ,
images/20Jatropha curcas(JC)/class20_9.jpg           ,Tuba-tuba        ,
images/20Jatropha curcas(JC)/class20_10.jpg          ,Tuba-tuba        ,
images/20Jatropha curcas(JC)/class20_11.jpg          ,Tuba-tuba        ,
images/20Jatropha curcas(JC)/class20_12.jpg          ,Tuba-tuba        ,
images/20Jatropha curcas(JC)/class20_13.jpg          ,Tuba-tuba        ,
images/20Jatropha curcas(JC)/class20_14.jpg          ,Tuba-tuba        ,
images/20Jatropha curcas(JC)/class20_15.jpg          ,Tuba-tuba        ,
images/20Jatropha curcas(JC)/class20_16.jpg          ,Tuba-tuba        ,
images/20Jatropha curcas(JC)/class20_17.jpg          ,Tuba-tuba        ,
images/20Jatropha curcas(JC)/class20_18.jpg          ,Tuba-tuba        ,
images/20Jatropha curcas(JC)/class20_10.jpg          ,Tuba-tuba        ,
images/20Jatropha curcas(JC)/class20_20.jpg          ,Tuba-tuba        ,
images/21Ocimum basilicum(OB)/class21_1.jpg          ,Basil            ,Known for its antimicrobial anti-inflammatory and antioxidant effects boosting immunity.
images/21Ocimum basilicum(OB)/class21_2.jpg          ,Basil            ,
images/21Ocimum basilicum(OB)/class21_3.jpg          ,Basil            ,
images/21Ocimum basilicum(OB)/class21_4.jpg          ,Basil            ,
images/21Ocimum basilicum(OB)/class21_5.jpg          ,Basil            ,
images/21Ocimum basilicum(OB)/class21_6.jpg          ,Basil            ,
images/21Ocimum basilicum(OB)/class21_7.jpg          ,Basil            ,
images/21Ocimum basilicum(OB)/class21_8.jpg          ,Basil            ,
images/21Ocimum basilicum(OB)/class21_9.jpg          ,Basil            ,
images/21Ocimum basilicum(OB)/class21_10.jpg         ,Basil            ,
images/21Ocimum basilicum(OB)/class21_11.jpg         ,Basil            ,
images/21Ocimum basilicum(OB)/class21_12.jpg         ,Basil            ,
images/21Ocimum basilicum(OB)/class21_13.jpg         ,Basil            ,
images/21Ocimum basilicum(OB)/class21_14.jpg         ,Basil            ,
images/21Ocimum basilicum(OB)/class21_15.jpg         ,Basil            ,
images/21Ocimum basilicum(OB)/class21_16.jpg         ,Basil            ,
images/21Ocimum basilicum(OB)/class21_17.jpg         ,Basil            ,
images/21Ocimum basilicum(OB)/class21_18.jpg         ,Basil            ,
images/21Ocimum basilicum(OB)/class21_19.jpg         ,Basil            ,
images/21Ocimum basilicum(OB)/class21_20.jpg         ,Basil            ,
images/22Nerium oleander(NO)/class22_1.jpg           ,Oleander         ,Traditionally used for heart-related conditions though it can be toxic if not used carefully.
images/22Nerium oleander(NO)/class22_2.jpg           ,Oleander         ,
images/22Nerium oleander(NO)/class22_3.jpg           ,Oleander         ,
images/22Nerium oleander(NO)/class22_4.jpg           ,Oleander         ,
images/22Nerium oleander(NO)/class22_5.jpg           ,Oleander         ,
images/22Nerium oleander(NO)/class22_6.jpg           ,Oleander         ,
images/22Nerium oleander(NO)/class22_7.jpg           ,Oleander         ,
images/22Nerium oleander(NO)/class22_8.jpg           ,Oleander         ,
images/22Nerium oleander(NO)/class22_9.jpg           ,Oleander         ,
images/22Nerium oleander(NO)/class22_10.jpg          ,Oleander         ,
images/22Nerium oleander(NO)/class22_11.jpg          ,Oleander         ,
images/22Nerium oleander(NO)/class22_12.jpg          ,Oleander         ,
images/22Nerium oleander(NO)/class22_13.jpg          ,Oleander         ,
images/22Nerium oleander(NO)/class22_14.jpg          ,Oleander         ,
images/22Nerium oleander(NO)/class22_15.jpg          ,Oleander         ,
images/22Nerium oleander(NO)/class22_16.jpg          ,Oleander         ,
images/22Nerium oleander(NO)/class22_17.jpg          ,Oleander         ,
images/22Nerium oleander(NO)/class22_18.jpg          ,Oleander         ,
images/22Nerium oleander(NO)/class22_19.jpg          ,Oleander         ,
images/22Nerium oleander(NO)/class22_20.jpg          ,Oleander         ,
images/23Pandanus amaryllifolius(PA)/class23_1.jpg   ,Pandan           ,Helps in reducing stress improving digestion and promoting relaxation.
images/23Pandanus amaryllifolius(PA)/class23_2.jpg   ,Pandan           ,
images/23Pandanus amaryllifolius(PA)/class23_3.jpg   ,Pandan           ,
images/23Pandanus amaryllifolius(PA)/class23_4.jpg   ,Pandan           ,
images/23Pandanus amaryllifolius(PA)/class23_5.jpg   ,Pandan           ,
images/23Pandanus amaryllifolius(PA)/class23_6.jpg   ,Pandan           ,
images/23Pandanus amaryllifolius(PA)/class23_7.jpg   ,Pandan           ,
images/23Pandanus amaryllifolius(PA)/class23_8.jpg   ,Pandan           ,
images/23Pandanus amaryllifolius(PA)/class23_9.jpg   ,Pandan           ,
images/23Pandanus amaryllifolius(PA)/class23_10.jpg  ,Pandan           ,
images/23Pandanus amaryllifolius(PA)/class23_11.jpg  ,Pandan           ,
images/23Pandanus amaryllifolius(PA)/class23_12.jpg  ,Pandan           ,
images/23Pandanus amaryllifolius(PA)/class23_13.jpg  ,Pandan           ,
images/23Pandanus amaryllifolius(PA)/class23_14.jpg  ,Pandan           ,
images/23Pandanus amaryllifolius(PA)/class23_15.jpg  ,Pandan           ,
images/23Pandanus amaryllifolius(PA)/class23_16.jpg  ,Pandan           ,
images/23Pandanus amaryllifolius(PA)/class23_17.jpg  ,Pandan           ,
images/23Pandanus amaryllifolius(PA)/class23_18.jpg  ,Pandan           ,
images/23Pandanus amaryllifolius(PA)/class23_19.jpg  ,Pandan           ,
images/23Pandanus amaryllifolius(PA)/class23_20.jpg  ,Pandan           ,
images/24Aloe barbadensis Miller(ABM)/class24_1.jpg  ,Aloe vera        ,Known for its skin healing properties its also used for digestive issues and burns.
images/24Aloe barbadensis Miller(ABM)/class24_2.jpg  ,Aloe vera        ,
images/24Aloe barbadensis Miller(ABM)/class24_3.jpg  ,Aloe vera        ,
images/24Aloe barbadensis Miller(ABM)/class24_4.jpg  ,Aloe vera        ,
images/24Aloe barbadensis Miller(ABM)/class24_5.jpg  ,Aloe vera        ,
images/24Aloe barbadensis Miller(ABM)/class24_6.jpg  ,Aloe vera        ,
images/24Aloe barbadensis Miller(ABM)/class24_7.jpg  ,Aloe vera        ,
images/24Aloe barbadensis Miller(ABM)/class24_8.jpg  ,Aloe vera        ,
images/24Aloe barbadensis Miller(ABM)/class24_9.jpg  ,Aloe vera        ,
images/24Aloe barbadensis Miller(ABM)/class24_10.jpg ,Aloe vera        ,
images/24Aloe barbadensis Miller(ABM)/class24_12.jpg ,Aloe vera        ,
images/24Aloe barbadensis Miller(ABM)/class24_13.jpg ,Aloe vera        ,
images/24Aloe barbadensis Miller(ABM)/class24_14.jpg ,Aloe vera        ,
images/24Aloe barbadensis Miller(ABM)/class24_15.jpg ,Aloe vera        ,
images/24Aloe barbadensis Miller(ABM)/class24_16.jpg ,Aloe vera        ,
images/24Aloe barbadensis Miller(ABM)/class24_17.jpg ,Aloe vera        ,
images/24Aloe barbadensis Miller(ABM)/class24_18.jpg ,Aloe vera        ,
images/24Aloe barbadensis Miller(ABM)/class24_19.jpg ,Aloe vera        ,
images/24Aloe barbadensis Miller(ABM)/class24_20.jpg ,Aloe vera        ,
images/25Lagerstroemia speciosa(LS)/class25_1.jpg    ,Banaba           ,Used to regulate blood sugar support heart health and reduce
images/25Lagerstroemia speciosa(LS)/class25_2.jpg    ,Banaba           ,
images/25Lagerstroemia speciosa(LS)/class25_3.jpg    ,Banaba           ,
images/25Lagerstroemia speciosa(LS)/class25_4.jpg    ,Banaba           ,
images/25Lagerstroemia speciosa(LS)/class25_5.jpg    ,Banaba           ,
images/25Lagerstroemia speciosa(LS)/class25_6.jpg    ,Banaba           ,
images/25Lagerstroemia speciosa(LS)/class25_7.jpg    ,Banaba           ,
images/25Lagerstroemia speciosa(LS)/class25_8.jpg    ,Banaba           ,
images/25Lagerstroemia speciosa(LS)/class25_9.jpg    ,Banaba           ,
images/25Lagerstroemia speciosa(LS)/class25_10.jpg   ,Banaba           ,
images/25Lagerstroemia speciosa(LS)/class25_11.jpg   ,Banaba           ,
images/25Lagerstroemia speciosa(LS)/class25_12.jpg   ,Banaba           ,
images/25Lagerstroemia speciosa(LS)/class25_13.jpg   ,Banaba           ,
images/25Lagerstroemia speciosa(LS)/class25_14.jpg   ,Banaba           ,
images/25Lagerstroemia speciosa(LS)/class25_15.jpg   ,Banaba           ,
images/25Lagerstroemia speciosa(LS)/class25_16.jpg   ,Banaba           ,
images/25Lagerstroemia speciosa(LS)/class25_17.jpg   ,Banaba           ,
images/25Lagerstroemia speciosa(LS)/class25_18.jpg   ,Banaba           ,
images/25Lagerstroemia speciosa(LS)/class25_19.jpg   ,Banaba           ,
images/25Lagerstroemia speciosa(LS)/class25_20.jpg   ,Banaba           ,
images/26Averrhoea bilimbi(AVB)/class26_1.jpg        ,Kamias           ,Known for its antibacterial anti-inflammatory and digestive benefits.
images/26Averrhoea bilimbi(AVB)/class26_2.jpg        ,Kamias           ,
images/26Averrhoea bilimbi(AVB)/class26_3.jpg        ,Kamias           ,
images/26Averrhoea bilimbi(AVB)/class26_4.jpg        ,Kamias           ,
images/26Averrhoea bilimbi(AVB)/class26_5.jpg        ,Kamias           ,
images/26Averrhoea bilimbi(AVB)/class26_6.jpg        ,Kamias           ,
images/26Averrhoea bilimbi(AVB)/class26_7.jpg        ,Kamias           ,
images/26Averrhoea bilimbi(AVB)/class26_8.jpg        ,Kamias           ,
images/26Averrhoea bilimbi(AVB)/class26_9.jpg        ,Kamias           ,
images/26Averrhoea bilimbi(AVB)/class26_10.jpg       ,Kamias           ,
images/26Averrhoea bilimbi(AVB)/class26_11.jpg       ,Kamias           ,
images/26Averrhoea bilimbi(AVB)/class26_12.jpg       ,Kamias           ,
images/26Averrhoea bilimbi(AVB)/class26_13.jpg       ,Kamias           ,
images/26Averrhoea bilimbi(AVB)/class26_14.jpg       ,Kamias           ,
images/26Averrhoea bilimbi(AVB)/class26_15.jpg       ,Kamias           ,
images/26Averrhoea bilimbi(AVB)/class26_16.jpg       ,Kamias           ,
images/26Averrhoea bilimbi(AVB)/class26_17.jpg       ,Kamias           ,
images/26Averrhoea bilimbi(AVB)/class26_18.jpg       ,Kamias           ,
images/26Averrhoea bilimbi(AVB)/class26_19.jpg       ,Kamias           ,
images/26Averrhoea bilimbi(AVB)/class26_20.jpg       ,Kamias           ,
images/27Annona muritica(AM)/class27_1.jpg           ,Graviola         ,Helps fight infections reduce inflammation and may have anti-cancer properties.
images/27Annona muritica(AM)/class27_2.jpg           ,Graviola         ,
images/27Annona muritica(AM)/class27_3.jpg           ,Graviola         ,
images/27Annona muritica(AM)/class27_4.jpg           ,Graviola         ,
images/27Annona muritica(AM)/class27_5.jpg           ,Graviola         ,
images/27Annona muritica(AM)/class27_6.jpg           ,Graviola         ,
images/27Annona muritica(AM)/class27_7.jpg           ,Graviola         ,
images/27Annona muritica(AM)/class27_8.jpg           ,Graviola         ,
images/27Annona muritica(AM)/class27_9.jpg           ,Graviola         ,
images/27Annona muritica(AM)/class27_10.jpg          ,Graviola         ,
images/27Annona muritica(AM)/class27_11.jpg          ,Graviola         ,
images/27Annona muritica(AM)/class27_12.jpg          ,Graviola         ,
images/27Annona muritica(AM)/class27_13.jpg          ,Graviola         ,
images/27Annona muritica(AM)/class27_14.jpg          ,Graviola         ,
images/27Annona muritica(AM)/class27_15.jpg          ,Graviola         ,
images/27Annona muritica(AM)/class27_16.jpg          ,Graviola         ,
images/27Annona muritica(AM)/class27_17.jpg          ,Graviola         ,
images/27Annona muritica(AM)/class27_18.jpg          ,Graviola         ,
images/27Annona muritica(AM)/class27_19.jpg          ,Graviola         ,
images/27Annona muritica(AM)/class27_20.jpg          ,Graviola         ,
images/28Citrus aurantiifolia(CIA)/class28_1.jpg     ,Limao            ,High in vitamin C it supports immune health aids digestion and promotes skin health.
images/28Citrus aurantiifolia(CIA)/class28_2.jpg     ,Limao            ,
images/28Citrus aurantiifolia(CIA)/class28_3.jpg     ,Limao            ,
images/28Citrus aurantiifolia(CIA)/class28_4.jpg     ,Limao            ,
images/28Citrus aurantiifolia(CIA)/class28_5.jpg     ,Limao            ,
images/28Citrus aurantiifolia(CIA)/class28_6.jpg     ,Limao            ,
images/28Citrus aurantiifolia(CIA)/class28_7.jpg     ,Limao            ,
images/28Citrus aurantiifolia(CIA)/class28_8.jpg     ,Limao            ,
images/28Citrus aurantiifolia(CIA)/class28_9.jpg     ,Limao            ,
images/28Citrus aurantiifolia(CIA)/class28_10.jpg    ,Limao            ,
images/28Citrus aurantiifolia(CIA)/class28_11.jpg    ,Limao            ,
images/28Citrus aurantiifolia(CIA)/class28_12.jpg    ,Limao            ,
images/28Citrus aurantiifolia(CIA)/class28_13.jpg    ,Limao            ,
images/28Citrus aurantiifolia(CIA)/class28_14.jpg    ,Limao            ,
images/28Citrus aurantiifolia(CIA)/class28_15.jpg    ,Limao            ,
images/28Citrus aurantiifolia(CIA)/class28_16.jpg    ,Limao            ,
images/28Citrus aurantiifolia(CIA)/class28_17.jpg    ,Limao            ,
images/28Citrus aurantiifolia(CIA)/class28_18.jpg    ,Limao            ,
images/28Citrus aurantiifolia(CIA)/class28_19.jpg    ,Limao            ,
images/28Citrus aurantiifolia(CIA)/class28_20.jpg    ,Limao            ,
images/30Gliricidia seprium(GS)/class30_1.jpg        ,Madre de cacao   ,Known for its medicinal properties in treating wounds skin infections and as a natural dewormer.
images/30Gliricidia seprium(GS)/class30_2.jpg        ,Madre de cacao   ,
images/30Gliricidia seprium(GS)/class30_3.jpg        ,Madre de cacao   ,
images/30Gliricidia seprium(GS)/class30_4.jpg        ,Madre de cacao   ,
images/30Gliricidia seprium(GS)/class30_5.jpg        ,Madre de cacao   ,
images/30Gliricidia seprium(GS)/class30_6.jpg        ,Madre de cacao   ,
images/30Gliricidia seprium(GS)/class30_7.jpg        ,Madre de cacao   ,
images/30Gliricidia seprium(GS)/class30_8.jpg        ,Madre de cacao   ,
images/30Gliricidia seprium(GS)/class30_9.jpg        ,Madre de cacao   ,
images/30Gliricidia seprium(GS)/class30_10.jpg       ,Madre de cacao   ,
images/30Gliricidia seprium(GS)/class30_11.jpg       ,Madre de cacao   ,
images/30Gliricidia seprium(GS)/class30_12.jpg       ,Madre de cacao   ,
images/30Gliricidia seprium(GS)/class30_13.jpg       ,Madre de cacao   ,
images/30Gliricidia seprium(GS)/class30_14.jpg       ,Madre de cacao   ,
images/30Gliricidia seprium(GS)/class30_15.jpg       ,Madre de cacao   ,
images/30Gliricidia seprium(GS)/class30_16.jpg       ,Madre de cacao   ,
images/30Gliricidia seprium(GS)/class30_17.jpg       ,Madre de cacao   ,
images/30Gliricidia seprium(GS)/class30_18.jpg       ,Madre de cacao   ,
images/30Gliricidia seprium(GS)/class30_19.jpg       ,Madre de cacao   ,
images/30Gliricidia seprium(GS)/class30_20.jpg       ,Madre de cacao   ,
images/31Citrus sinesis(CS)/class31_1.jpg            ,Kahel            ,Boosts immune function improves skin health and helps with digestion.
images/31Citrus sinesis(CS)/class31_2.jpg            ,Kahel            ,
images/31Citrus sinesis(CS)/class31_3.jpg            ,Kahel            ,
images/31Citrus sinesis(CS)/class31_4.jpg            ,Kahel            ,
images/31Citrus sinesis(CS)/class31_5.jpg            ,Kahel            ,
images/31Citrus sinesis(CS)/class31_6.jpg            ,Kahel            ,
images/31Citrus sinesis(CS)/class31_7.jpg            ,Kahel            ,
images/31Citrus sinesis(CS)/class31_8.jpg            ,Kahel            ,
images/31Citrus sinesis(CS)/class31_9.jpg            ,Kahel            ,
images/31Citrus sinesis(CS)/class31_10.jpg           ,Kahel            ,
images/31Citrus sinesis(CS)/class31_11.jpg           ,Kahel            ,
images/31Citrus sinesis(CS)/class31_12.jpg           ,Kahel            ,
images/31Citrus sinesis(CS)/class31_13.jpg           ,Kahel            ,
images/31Citrus sinesis(CS)/class31_14.jpg           ,Kahel            ,
images/31Citrus sinesis(CS)/class31_15.jpg           ,Kahel            ,
images/31Citrus sinesis(CS)/class31_16.jpg           ,Kahel            ,
images/31Citrus sinesis(CS)/class31_17.jpg           ,Kahel            ,
images/31Citrus sinesis(CS)/class31_18.jpg           ,Kahel            ,
images/31Citrus sinesis(CS)/class31_19.jpg           ,Kahel            ,
images/31Citrus sinesis(CS)/class31_20.jpg           ,Kahel            ,
images/32Mangifera indica(MI)class32_1.jpg           ,Mangga           ,Rich in vitamins it helps with digestion boosts immunity and has anti-inflammatory effects.
images/32Mangifera indica(MI)class32_2.jpg           ,Mangga           ,
images/32Mangifera indica(MI)class32_3.jpg           ,Mangga           ,
images/32Mangifera indica(MI)class32_4.jpg           ,Mangga           ,
images/32Mangifera indica(MI)class32_5.jpg           ,Mangga           ,
images/32Mangifera indica(MI)class32_6.jpg           ,Mangga           ,
images/32Mangifera indica(MI)class32_7.jpg           ,Mangga           ,
images/32Mangifera indica(MI)class32_8.jpg           ,Mangga           ,
images/32Mangifera indica(MI)class32_9.jpg           ,Mangga           ,
images/32Mangifera indica(MI)class32_10.jpg          ,Mangga           ,
images/32Mangifera indica(MI)class32_11.jpg          ,Mangga           ,
images/32Mangifera indica(MI)class32_12.jpg          ,Mangga           ,
images/32Mangifera indica(MI)class32_13.jpg          ,Mangga           ,
images/32Mangifera indica(MI)class32_14.jpg          ,Mangga           ,
images/32Mangifera indica(MI)class32_15.jpg          ,Mangga           ,
images/32Mangifera indica(MI)class32_16.jpg          ,Mangga           ,
images/32Mangifera indica(MI)class32_17.jpg          ,Mangga           ,
images/32Mangifera indica(MI)class32_18.jpg          ,Mangga           ,
images/32Mangifera indica(MI)class32_19.jpg          ,Mangga           ,
images/32Mangifera indica(MI)class32_20.jpg          ,Mangga           ,
images/33Citrus micropcarpa(CM)/class33_1.jpg        ,Calamansi        ,Aids in digestion boosts immunity and promotes healthy skin.
images/33Citrus micropcarpa(CM)/class33_2.jpg        ,Calamansi        ,
images/33Citrus micropcarpa(CM)/class33_3.jpg        ,Calamansi        ,
images/33Citrus micropcarpa(CM)/class33_4.jpg        ,Calamansi        ,
images/33Citrus micropcarpa(CM)/class33_5.jpg        ,Calamansi        ,
images/33Citrus micropcarpa(CM)/class33_6.jpg        ,Calamansi        ,
images/33Citrus micropcarpa(CM)/class33_7.jpg        ,Calamansi        ,
images/33Citrus micropcarpa(CM)/class33_8.jpg        ,Calamansi        ,
images/33Citrus micropcarpa(CM)/class33_9.jpg        ,Calamansi        ,
images/33Citrus micropcarpa(CM)/class33_10.jpg       ,Calamansi        ,
images/33Citrus micropcarpa(CM)/class33_11.jpg       ,Calamansi        ,
images/33Citrus micropcarpa(CM)/class33_12.jpg       ,Calamansi        ,
images/33Citrus micropcarpa(CM)/class33_13.jpg       ,Calamansi        ,
images/33Citrus micropcarpa(CM)/class33_14.jpg       ,Calamansi        ,
images/33Citrus micropcarpa(CM)/class33_15.jpg       ,Calamansi        ,
images/33Citrus micropcarpa(CM)/class33_16.jpg       ,Calamansi        ,
images/33Citrus micropcarpa(CM)/class33_17.jpg       ,Calamansi        ,
images/33Citrus micropcarpa(CM)/class33_18.jpg       ,Calamansi        ,
images/33Citrus micropcarpa(CM)/class33_19.jpg       ,Calamansi        ,
images/33Citrus micropcarpa(CM)/class33_20.jpg       ,Calamansi        ,
images/34Impatiens balsimana/class34_1.png           ,Touch-me-not     ,Used for skin conditions like rashes and wounds and has anti-inflammatory properties.
images/34Impatiens balsimana/class34_2.png           ,Touch-me-not     ,
images/34Impatiens balsimana/class34_3.png           ,Touch-me-not     ,
images/34Impatiens balsimana/class34_4.png           ,Touch-me-not     ,
images/34Impatiens balsimana/class34_5.png           ,Touch-me-not     ,
images/34Impatiens balsimana/class34_6.png           ,Touch-me-not     ,
images/34Impatiens balsimana/class34_7.png           ,Touch-me-not     ,
images/34Impatiens balsimana/class34_8.png           ,Touch-me-not     ,
images/34Impatiens balsimana/class34_9.png           ,Touch-me-not     ,
images/34Impatiens balsimana/class34_10.png          ,Touch-me-not     ,
images/34Impatiens balsimana/class34_11.png          ,Touch-me-not     ,
images/34Impatiens balsimana/class34_12.png          ,Touch-me-not     ,
images/34Impatiens balsimana/class34_13.png          ,Touch-me-not     ,
images/34Impatiens balsimana/class34_14.png          ,Touch-me-not     ,
images/34Impatiens balsimana/class34_15.png          ,Touch-me-not     ,
images/34Impatiens balsimana/class34_16.png          ,Touch-me-not     ,
images/34Impatiens balsimana/class34_17.png          ,Touch-me-not     ,
images/34Impatiens balsimana/class34_18.png          ,Touch-me-not     ,
images/34Impatiens balsimana/class34_19.png          ,Touch-me-not     ,
images/34Impatiens balsimana/class34_20.png          ,Touch-me-not     ,
images/35Arachis hypogaea(AH)/class35_1.png          ,Mani             ,Provides essential fats and proteins supports heart health and may reduce the risk of diabetes.
images/35Arachis hypogaea(AH)/class35_2.png          ,Mani             ,
images/35Arachis hypogaea(AH)/class35_3.png          ,Mani             ,
images/35Arachis hypogaea(AH)/class35_4.png          ,Mani             ,
images/35Arachis hypogaea(AH)/class35_5.png          ,Mani             ,
images/35Arachis hypogaea(AH)/class35_6.png          ,Mani             ,
images/35Arachis hypogaea(AH)/class35_7.png          ,Mani             ,
images/35Arachis hypogaea(AH)/class35_8.png          ,Mani             ,
images/35Arachis hypogaea(AH)/class35_9.png          ,Mani             ,
images/35Arachis hypogaea(AH)/class35_10.png         ,Mani             ,
images/35Arachis hypogaea(AH)/class35_11.png         ,Mani             ,
images/35Arachis hypogaea(AH)/class35_12.png         ,Mani             ,
images/35Arachis hypogaea(AH)/class35_13.png         ,Mani             ,
images/35Arachis hypogaea(AH)/class35_14.png         ,Mani             ,
images/35Arachis hypogaea(AH)/class35_15.png         ,Mani             ,
images/35Arachis hypogaea(AH)/class35_16.png         ,Mani             ,
images/35Arachis hypogaea(AH)/class35_17.png         ,Mani             ,
images/35Arachis hypogaea(AH)/class35_18.png         ,Mani             ,
images/35Arachis hypogaea(AH)/class35_19.png         ,Mani             ,
images/35Arachis hypogaea(AH)/class35_20.png         ,Mani             ,
images/36Tamarindus indica(TI)/class36_1.jpg         ,Kaimito          ,Known for aiding digestion reducing inflammation and boosting immune function.
images/36Tamarindus indica(TI)/class36_2.jpg         ,Kaimito          ,
images/36Tamarindus indica(TI)/class36_3.jpg         ,Kaimito          ,
images/36Tamarindus indica(TI)/class36_4.jpg         ,Kaimito          ,
images/36Tamarindus indica(TI)/class36_5.jpg         ,Kaimito          ,
images/36Tamarindus indica(TI)/class36_6.jpg         ,Kaimito          ,
images/36Tamarindus indica(TI)/class36_7.jpg         ,Kaimito          ,
images/36Tamarindus indica(TI)/class36_8.jpg         ,Kaimito          ,
images/36Tamarindus indica(TI)/class36_10.jpg        ,Kaimito          ,
images/36Tamarindus indica(TI)/class36_11.jpg        ,Kaimito          ,
images/36Tamarindus indica(TI)/class36_12.jpg        ,Kaimito          ,
images/36Tamarindus indica(TI)/class36_13.jpg        ,Kaimito          ,
images/36Tamarindus indica(TI)/class36_14.jpg        ,Kaimito          ,
images/36Tamarindus indica(TI)/class36_15.jpg        ,Kaimito          ,
images/36Tamarindus indica(TI)/class36_16.jpg        ,Kaimito          ,
images/36Tamarindus indica(TI)/class36_17.jpg        ,Kaimito          ,
images/36Tamarindus indica(TI)/class36_18.jpg        ,Kaimito          ,
images/36Tamarindus indica(TI)/class36_19.jpg        ,Kaimito          ,
images/36Tamarindus indica(TI)/class36_20.jpg        ,Kaimito          ,
images/37Leucaena leucocephala(LL)/class37_1.jpg     ,Kamote           ,Used for its anti-inflammatory and antimicrobial properties supports digestive health.
images/37Leucaena leucocephala(LL)/class37_2.jpg     ,Kamote           ,
images/37Leucaena leucocephala(LL)/class37_3.jpg     ,Kamote           ,
images/37Leucaena leucocephala(LL)/class37_4.jpg     ,Kamote           ,
images/37Leucaena leucocephala(LL)/class37_5.jpg     ,Kamote           ,
images/37Leucaena leucocephala(LL)/class37_6.jpg     ,Kamote           ,
images/37Leucaena leucocephala(LL)/class37_7.jpg     ,Kamote           ,
images/37Leucaena leucocephala(LL)/class37_8.jpg     ,Kamote           ,
images/37Leucaena leucocephala(LL)/class37_9.jpg     ,Kamote           ,
images/37Leucaena leucocephala(LL)/class37_10.jpg    ,Kamote           ,
images/37Leucaena leucocephala(LL)/class37_11.jpg    ,Kamote           ,
images/37Leucaena leucocephala(LL)/class37_12.jpg    ,Kamote           ,
images/37Leucaena leucocephala(LL)/class37_13.jpg    ,Kamote           ,
images/37Leucaena leucocephala(LL)/class37_14.jpg    ,Kamote           ,
images/37Leucaena leucocephala(LL)/class37_15.jpg    ,Kamote           ,
images/37Leucaena leucocephala(LL)/class37_16.jpg    ,Kamote           ,
images/37Leucaena leucocephala(LL)/class37_17.jpg    ,Kamote           ,
images/37Leucaena leucocephala(LL)/class37_18.jpg    ,Kamote           ,
images/37Leucaena leucocephala(LL)/class37_19.jpg    ,Kamote           ,
images/37Leucaena leucocephala(LL)/class37_20.jpg    ,Kamote           ,
images/38Ipomoea batatas(IB)/class38_1.jpg           ,Cassava          ,Known for its high nutritional content it supports heart health and digestion.
images/38Ipomoea batatas(IB)/class38_2.jpg           ,Cassava          ,
images/38Ipomoea batatas(IB)/class38_3.jpg           ,Cassava          ,
images/38Ipomoea batatas(IB)/class38_4.jpg           ,Cassava          ,
images/38Ipomoea batatas(IB)/class38_5.jpg           ,Cassava          ,
images/38Ipomoea batatas(IB)/class38_6.jpg           ,Cassava          ,
images/38Ipomoea batatas(IB)/class38_7.jpg           ,Cassava          ,
images/38Ipomoea batatas(IB)/class38_8.jpg           ,Cassava          ,
images/38Ipomoea batatas(IB)/class38_9.jpg           ,Cassava          ,
images/38Ipomoea batatas(IB)/class38_10.jpg          ,Cassava          ,
images/38Ipomoea batatas(IB)/class38_11.jpg          ,Cassava          ,
images/38Ipomoea batatas(IB)/class38_12.jpg          ,Cassava          ,
images/38Ipomoea batatas(IB)/class38_13.jpg          ,Cassava          ,
images/38Ipomoea batatas(IB)/class38_14.jpg          ,Cassava          ,
images/38Ipomoea batatas(IB)/class38_15.jpg          ,Cassava          ,
images/38Ipomoea batatas(IB)/class38_16.jpg          ,Cassava          ,
images/38Ipomoea batatas(IB)/class38_17.jpg          ,Cassava          ,
images/38Ipomoea batatas(IB)/class38_18.jpg          ,Cassava          ,
images/38Ipomoea batatas(IB)/class38_19.jpg          ,Cassava          ,
images/38Ipomoea batatas(IB)/class38_20.jpg          ,Cassava          ,
images/39Manihot esculenta(ME)/class39_1.jpg         ,Sambong          ,Provides energy and supports digestive health especially for people with high blood pressure.
images/39Manihot esculenta(ME)/class39_3.jpg         ,Sambong          ,
images/39Manihot esculenta(ME)/class39_4.jpg         ,Sambong          ,
images/39Manihot esculenta(ME)/class39_5.jpg         ,Sambong          ,
images/39Manihot esculenta(ME)/class39_6.jpg         ,Sambong          ,
images/39Manihot esculenta(ME)/class39_7.jpg         ,Sambong          ,
images/39Manihot esculenta(ME)/class39_8.jpg         ,Sambong          ,
images/39Manihot esculenta(ME)/class39_9.jpg         ,Sambong          ,
images/39Manihot esculenta(ME)/class39_10.jpg        ,Sambong          ,
images/39Manihot esculenta(ME)/class39_11.jpg        ,Sambong          ,
images/39Manihot esculenta(ME)/class39_12.jpg        ,Sambong          ,
images/39Manihot esculenta(ME)/class39_13.jpg        ,Sambong          ,
images/39Manihot esculenta(ME)/class39_14.jpg        ,Sambong          ,
images/39Manihot esculenta(ME)/class39_15.jpg        ,Sambong          ,
images/39Manihot esculenta(ME)/class39_16.jpg        ,Sambong          ,
images/39Manihot esculenta(ME)/class39_17.jpg        ,Sambong          ,
images/39Manihot esculenta(ME)/class39_18.jpg        ,Sambong          ,
images/39Manihot esculenta(ME)/class39_19.jpg        ,Sambong          ,
images/39Manihot esculenta(ME)/class39_20.jpg        ,Sambong          ,
images/40Citrus maxima(CM)/class40_1.jpg             ,Suha             ,Supports immune health digestion and has antioxidant properties.
images/40Citrus maxima(CM)/class40_2.jpg             ,Suha             ,
images/40Citrus maxima(CM)/class40_3.jpg             ,Suha             ,
images/40Citrus maxima(CM)/class40_4.jpg             ,Suha             ,
images/40Citrus maxima(CM)/class40_5.jpg             ,Suha             ,
images/40Citrus maxima(CM)/class40_6.jpg             ,Suha             ,
images/40Citrus maxima(CM)/class40_7.jpg             ,Suha             ,
images/40Citrus maxima(CM)/class40_8.jpg             ,Suha             ,
images/40Citrus maxima(CM)/class40_9.jpg             ,Suha             ,
images/40Citrus maxima(CM)/class40_10.jpg            ,Suha             ,
images/40Citrus maxima(CM)/class40_11.jpg            ,Suha             ,
images/40Citrus maxima(CM)/class40_12.jpg            ,Suha             ,
images/40Citrus maxima(CM)/class40_13.jpg            ,Suha             ,
images/40Citrus maxima(CM)/class40_14.jpg            ,Suha             ,
images/40Citrus maxima(CM)/class40_15.jpg            ,Suha             ,
images/40Citrus maxima(CM)/class40_16.jpg            ,Suha             ,
images/40Citrus maxima(CM)/class40_17.jpg            ,Suha             ,
images/40Citrus maxima(CM)/class40_18.jpg            ,Suha             ,
images/40Citrus maxima(CM)/class40_19.jpg            ,Suha             ,
images/40Citrus maxima(CM)/class40_20.jpg            ,Suha             ,




